case_file,entity_a,entity_b,snomed_concept_a,snomed_concept_b,depth_a,depth_b,depth_gap_abs,isa_relation,count_in_case_a,count_in_case_b,context_sentence_a,context_sentence_b
case_001.txt,hemophilia,disorders,90935002,64572001,8,2,6,model_is_broader,1,1,"Although other hemorrhagic diseases can have a prolonged thromboplastin time, due to the intensity of the lesion and the child's sex and family history, the most likely diagnosis is hemophilia.","While other disorders such as Marfan syndrome, Ehlers-Danlos disease, Von Willebrand's disease, and Bernard-Soulier disease may present with joint issues and bleeding tendencies, the unique combination of factors points towards Hemophilia A"
case_003.txt,mri,assessment,113091000,122503006,11,5,6,model_is_broader,1,1,"The answer is 2, an EMG, which would be the diagnostic test to confirm the diagnostic suspicion of ALS, the imaging tests both CT, but especially MRI would help us to rule out, but would not confirm the diagnosis.","A Cerebral Computed Tomography (CT) is not typically helpful in this context, and Multimodal evoked potentials are used more for the assessment of brainstem and spinal cord function rather than motor neuron disease."
case_005.txt,lower limb,lateral femoral cutaneous nerve,61685007,65490005,10,18,8,human_is_broader,1,1,"In this case, when speaking of ""reappearance of the symptoms when we lift the lower limb with the knee extended"" we are describing the Lasègue Maneuver.","Meralgia paresthetica involves compression or trauma to the lateral femoral cutaneous nerve, causing symptoms similar to those described."
case_005.txt,lower limb,lateral aspect,61685007,182299007,10,15,5,human_is_broader,1,1,"In this case, when speaking of ""reappearance of the symptoms when we lift the lower limb with the knee extended"" we are describing the Lasègue Maneuver.","Based on the presented symptoms, the first clinical suspicion should be Meralgia Paresthetica (3- Radiated low back pain / lumbosciatica), given that the pain is localized to the lateral aspect of the left thigh, knee, and leg, and is relieved when the knee is flexed, which is a typical presentation for this condition."
case_005.txt,lower limb,left thigh,61685007,61396006,10,15,5,human_is_broader,1,1,"In this case, when speaking of ""reappearance of the symptoms when we lift the lower limb with the knee extended"" we are describing the Lasègue Maneuver.","Based on the presented symptoms, the first clinical suspicion should be Meralgia Paresthetica (3- Radiated low back pain / lumbosciatica), given that the pain is localized to the lateral aspect of the left thigh, knee, and leg, and is relieved when the knee is flexed, which is a typical presentation for this condition."
case_005.txt,lower limb,knee,61685007,72696002,10,14,4,human_is_broader,1,2,"In this case, when speaking of ""reappearance of the symptoms when we lift the lower limb with the knee extended"" we are describing the Lasègue Maneuver.","Based on the presented symptoms, the first clinical suspicion should be Meralgia Paresthetica (3- Radiated low back pain / lumbosciatica), given that the pain is localized to the lateral aspect of the left thigh, knee, and leg, and is relieved when the knee is flexed, which is a typical presentation for this condition."
case_005.txt,lower limb,leg,61685007,30021000,10,14,4,human_is_broader,1,2,"In this case, when speaking of ""reappearance of the symptoms when we lift the lower limb with the knee extended"" we are describing the Lasègue Maneuver.","Based on the presented symptoms, the first clinical suspicion should be Meralgia Paresthetica (3- Radiated low back pain / lumbosciatica), given that the pain is localized to the lateral aspect of the left thigh, knee, and leg, and is relieved when the knee is flexed, which is a typical presentation for this condition."
case_006.txt,lower limbs,peripheral neuropathy,723158004,42658009,12,6,6,model_is_broader,1,1,"The short evolution time (2 weeks), the respect of the lower limbs and the preservation of muscle reflexes make me rule out this response despite the distribution being ""glove-like"".","In this case, the patient's presentation of symmetrical sensory symptoms in the distal extremities, specifically the hands and distal forearms, along with a lack of motor deficits, dysmetria, dysdiadochokinesia, or intention tremor, strongly suggests a peripheral neuropathy."
case_008.txt,disease,subcutaneous cellular tissue,64572001,8250007,2,16,14,human_is_broader,2,1,Its elevation is characteristic of this disease.,"The diagnostic tests most useful for this case would be biopsy of subcutaneous cellular tissue (Option 3) to evaluate histopathological changes and determine the specific type of vasculitis, and the determination of anti-smooth muscle antibodies (Option 4) to aid in the diagnosis of systemic scleroderma, a connective …"
case_008.txt,disease,systemic scleroderma,64572001,89155008,2,10,8,human_is_broader,2,1,Its elevation is characteristic of this disease.,"The diagnostic tests most useful for this case would be biopsy of subcutaneous cellular tissue (Option 3) to evaluate histopathological changes and determine the specific type of vasculitis, and the determination of anti-smooth muscle antibodies (Option 4) to aid in the diagnosis of systemic scleroderma, a connective …"
case_010.txt,vsd,cardiac finding,30288003,301095005,21,8,13,model_is_broader,1,1,"Likewise, a murmur that was not present indicates abnormal blood flow: the most frequent complications are mitral insufficiency, which would present with a musical or piante murmur, and VSD, which presents with a murmur radiating to the right border (think of the direction of blood flow).","The sudden onset of a systolic murmur with fremitus, radiating to the right sternal border, which was not present on admission, suggests a new cardiac finding consistent with LVFWR."
case_010.txt,mitral insufficiency,cardiac finding,48724000,301095005,15,8,7,model_is_broader,1,1,"Likewise, a murmur that was not present indicates abnormal blood flow: the most frequent complications are mitral insufficiency, which would present with a musical or piante murmur, and VSD, which presents with a murmur radiating to the right border (think of the direction of blood flow).","The sudden onset of a systolic murmur with fremitus, radiating to the right sternal border, which was not present on admission, suggests a new cardiac finding consistent with LVFWR."
case_010.txt,murmur,cardiac finding,88610006,301095005,13,8,5,model_is_broader,2,1,"Likewise, a murmur that was not present indicates abnormal blood flow: the most frequent complications are mitral insufficiency, which would present with a musical or piante murmur, and VSD, which presents with a murmur radiating to the right border (think of the direction of blood flow).","The sudden onset of a systolic murmur with fremitus, radiating to the right sternal border, which was not present on admission, suggests a new cardiac finding consistent with LVFWR."
case_011.txt,corticosteroids,dexamethasone,79440004,116568000,6,19,13,human_is_broader,1,1,"We would manage the patient with gabapentin and corticosteroids (true answer 4); we would not decrease the dose of morphine (false answer 3), and in the meantime we would ask for a CT scan (or abdominal MRI) to subsequently assess the plexus block (answers 1 and 2 for future management).","Option 4 (Administer amitriptyline or gabapentin, dexamethasone and increase the dose of morphine)"
case_012.txt,claude bernard,miosis,770626007,61514009,20,15,5,model_is_broader,1,1,It is a claude bernard horner syndrome and probably the correct one is 1.,"Juan's symptoms of left ptosis, miosis, numbness of the medial hand, and reduced strength in the left hand's grip are consistent with Horner's syndrome, which is typically caused by lesions affecting the sympathetic pathway from the hypothalamus to the interinedio-lateral Clark's column of the dorsal medulla (option 1…"
case_014.txt,finding,renal function impairment,246188002,197671004,1,12,11,human_is_broader,1,1,Microhematuria without associated symptoms may be a finding without pathologic significance and must be confirmed in a subsequent new sediment (although I do not know if at 15 days or later).,"Option 1, determining creatinine and nitrogen in blood, could be useful if there is concern for renal function impairment, but given the normal physical examination and blood pressure, this is unlikely."
case_014.txt,finding,hematuria,246188002,34436003,1,11,10,human_is_broader,1,2,Microhematuria without associated symptoms may be a finding without pathologic significance and must be confirmed in a subsequent new sediment (although I do not know if at 15 days or later).,"The significant findings are a high specific gravity, alkaline urine pH, hematuria, and no proteinuria, which suggest a renal concentrating defect."
case_016.txt,b-cll,disease,277473004,64572001,21,2,19,model_is_broader,1,1,"The patient is already diagnosed with chronic lymphocytic leukemia B (B-CLLL), presents lymphocytosis that is maintained for more than 3 months and by flow cytometry presents a phenotype compatible with it.","Given the nature of the disease, it is essential to confirm the diagnosis definitively."
case_016.txt,tp53,disease,1260406003,64572001,17,2,15,model_is_broader,1,1,"Therefore, we must first know the risk factors that will indicate with what priority treatment will need to be initiated, their intensity and prognosis; the presence of TP53 mutations or 17p deletions depends on this.","Given the nature of the disease, it is essential to confirm the diagnosis definitively."
case_016.txt,diagnosed,disease,405749004,64572001,13,2,11,model_is_broader,1,1,"The patient is already diagnosed with chronic lymphocytic leukemia B (B-CLLL), presents lymphocytosis that is maintained for more than 3 months and by flow cytometry presents a phenotype compatible with it.","Given the nature of the disease, it is essential to confirm the diagnosis definitively."
case_016.txt,lymphocytosis,disease,67023009,64572001,13,2,11,model_is_broader,1,1,"The patient is already diagnosed with chronic lymphocytic leukemia B (B-CLLL), presents lymphocytosis that is maintained for more than 3 months and by flow cytometry presents a phenotype compatible with it.","Given the nature of the disease, it is essential to confirm the diagnosis definitively."
case_016.txt,mutations,disease,722967008,64572001,9,2,7,model_is_broader,1,1,"Therefore, we must first know the risk factors that will indicate with what priority treatment will need to be initiated, their intensity and prognosis; the presence of TP53 mutations or 17p deletions depends on this.","Given the nature of the disease, it is essential to confirm the diagnosis definitively."
case_017.txt,renal crisis,disease,236503001,64572001,13,2,11,model_is_broader,1,1,"This is a clear clinical case of systemic sclerosis (Raynaud's, esophageal involvement, skin induration) presenting with renal crisis.","Based on the presented symptoms and the recent introduction of prednisone, the most likely autoantibody associated with this process is Anti-proteinase 3 antibodies (ANCA-PR3), which are commonly found in patients with Wegener's granulomatosis, a disease characterized by vasculitis and organ involvement, including the…"
case_017.txt,esophageal,disease,19216006,64572001,11,2,9,model_is_broader,1,1,"This is a clear clinical case of systemic sclerosis (Raynaud's, esophageal involvement, skin induration) presenting with renal crisis.","Based on the presented symptoms and the recent introduction of prednisone, the most likely autoantibody associated with this process is Anti-proteinase 3 antibodies (ANCA-PR3), which are commonly found in patients with Wegener's granulomatosis, a disease characterized by vasculitis and organ involvement, including the…"
case_017.txt,raynaud's,disease,195295006,64572001,10,2,8,model_is_broader,1,1,"This is a clear clinical case of systemic sclerosis (Raynaud's, esophageal involvement, skin induration) presenting with renal crisis.","Based on the presented symptoms and the recent introduction of prednisone, the most likely autoantibody associated with this process is Anti-proteinase 3 antibodies (ANCA-PR3), which are commonly found in patients with Wegener's granulomatosis, a disease characterized by vasculitis and organ involvement, including the…"
case_017.txt,systemic sclerosis,disease,89155008,64572001,10,2,8,model_is_broader,1,1,"This is a clear clinical case of systemic sclerosis (Raynaud's, esophageal involvement, skin induration) presenting with renal crisis.","Based on the presented symptoms and the recent introduction of prednisone, the most likely autoantibody associated with this process is Anti-proteinase 3 antibodies (ANCA-PR3), which are commonly found in patients with Wegener's granulomatosis, a disease characterized by vasculitis and organ involvement, including the…"
case_017.txt,scleroderma,disease,201441006,64572001,9,2,7,model_is_broader,1,1,"Apart from anti-proteinase 3 antibodies, which are not related to scleroderma (incorrect answer 3), the most likely ones would be antiRNA polymerase III antibodies, which appear in younger patients with renal crises.","Based on the presented symptoms and the recent introduction of prednisone, the most likely autoantibody associated with this process is Anti-proteinase 3 antibodies (ANCA-PR3), which are commonly found in patients with Wegener's granulomatosis, a disease characterized by vasculitis and organ involvement, including the…"
case_021.txt,isolated thrombocytopenia,disease,724637001,64572001,15,2,13,model_is_broader,1,1,"In the presence of isolated thrombocytopenia we must not lose sight of the physical examination; thus, the presence of lymphadenopathy forces us to rule out the presence of lymphoma, for example.","While these findings can occur in other conditions causing thrombocytopenia, they are not exclusionary criteria for ITP, as the disease primarily manifests through immune-mediated platelet destruction."
case_021.txt,isolated thrombocytopenia,thrombocytopenia,724637001,70786006,15,10,5,model_is_broader,1,1,"In the presence of isolated thrombocytopenia we must not lose sight of the physical examination; thus, the presence of lymphadenopathy forces us to rule out the presence of lymphoma, for example.","While these findings can occur in other conditions causing thrombocytopenia, they are not exclusionary criteria for ITP, as the disease primarily manifests through immune-mediated platelet destruction."
case_023.txt,animals,ticks,387961004,106831000,5,12,7,human_is_broader,1,1,") if you read something like ""attends births of livestock animals"", ""works on a farm"", ""is a veterinarian"" suspect Brucellosis.","This zoonotic disease is transmitted by ticks, as well as contaminated meat and milk products (Option 1)."
case_026.txt,drug,aminophylline,2533004,55867006,2,16,14,human_is_broader,1,1,A very effective drug if everyone is forewarned.,"Other options like aminophylline, activated charcoal, and forced diuresis may have limited efficacy in this severe case of lithium toxicity."
case_026.txt,intoxications,toxicity,187275001,75478009,13,4,9,model_is_broader,1,3,Intoxications have been seen with normal lithium.,"Given the patient's presentation of severe neurological symptoms, such as tremor, ataxia, dysarthria, myoclonus, and fasciculations, along with lithium toxicity (Lithemia 4.1 mEq/L exceeding the toxicity threshold of 1.6 mEq/L), the most indicated therapy would be hemodialysis."
case_028.txt,polyangiitis,egpa,46956008,82275008,12,19,7,human_is_broader,1,1,"In this patient, he presents with a granulomatosis with polyangiitis formerly known as Wegener's granulomatosis.","Although Eosinophilic granulomatosis with polyangiitis (EGPA) may also present with nasal symptoms and proteinuria, eosinophilia is typically a feature, which is not evident in this case"
case_028.txt,glomerulonephritis,egpa,36171008,82275008,15,19,4,human_is_broader,1,1,"Also at the end of the case, they comment us the urinalysis with a glomerulonephritis that is present in 77% of the patients.","Although Eosinophilic granulomatosis with polyangiitis (EGPA) may also present with nasal symptoms and proteinuria, eosinophilia is typically a feature, which is not evident in this case"
case_029.txt,central retinal vein,retina,280927000,5665001,36,20,16,model_is_broader,1,1,"In thrombosis of the central retinal vein, visual loss is more important and does not usually explain metamorphopsia (but may have it, due to macular edema).","In AMD, drusen accumulate beneath the retina, often in the macular region, leading to progressive visual loss."
case_029.txt,finding,soft drusen,246188002,420272005,1,17,16,human_is_broader,1,1,"That while not a ""diagnosis"" (the question could have been better worded) is a finding related to age-related macular degeneration, or age-related macular degeneration.","In the presented case, a 75-year-old woman with a known history of soft drusen in the fundus has recently developed significant visual loss and metamorphopsia in her right eye."
case_029.txt,soft drusen,disease,420272005,64572001,17,2,15,model_is_broader,1,1,The key to differentiate between the other four is that he had soft drusen in the fundus.,"The development of metamorphopsia, a distortion in the perception of shapes, is a common symptom of AMD, especially in the advanced stages of the disease."
case_029.txt,central serous chorioretinopathy,disease,312956001,64572001,16,2,14,model_is_broader,1,1,"We could initially rule out central serous chorioretinopathy because by definition it occurs in young people (up to 55 years of age, more or less).","The development of metamorphopsia, a distortion in the perception of shapes, is a common symptom of AMD, especially in the advanced stages of the disease."
case_029.txt,subretinal hemorrhage,disease,13937002,64572001,16,2,14,model_is_broader,1,1,But the wet or exudative form produces acute or rapidly progressive severe visual loss (usually due to subretinal hemorrhage accompanied by metamorphopsia (image distortion due to retinal lifting).,"The development of metamorphopsia, a distortion in the perception of shapes, is a common symptom of AMD, especially in the advanced stages of the disease."
case_029.txt,finding,central vision,246188002,16350000,1,14,13,human_is_broader,1,1,"That while not a ""diagnosis"" (the question could have been better worded) is a finding related to age-related macular degeneration, or age-related macular degeneration.","**2- Macular hole** would present with symptoms such as a central scotoma and loss of clarity of central vision, rather than metamorphopsia and significant visual loss."
case_029.txt,finding,amd,246188002,237967002,1,13,12,human_is_broader,1,2,"That while not a ""diagnosis"" (the question could have been better worded) is a finding related to age-related macular degeneration, or age-related macular degeneration.","Given the patient's history of drusen, the most probable diagnosis is **4- Senile macular degeneration (AMD)**."
case_029.txt,finding,macular disorder,246188002,312999006,1,13,12,human_is_broader,1,1,"That while not a ""diagnosis"" (the question could have been better worded) is a finding related to age-related macular degeneration, or age-related macular degeneration.","The onset of these symptoms over a short period, coupled with the age of the patient, suggests a progressive macular disorder."
case_029.txt,finding,metamorphopsia,246188002,42134006,1,13,12,human_is_broader,1,4,"That while not a ""diagnosis"" (the question could have been better worded) is a finding related to age-related macular degeneration, or age-related macular degeneration.","In the presented case, a 75-year-old woman with a known history of soft drusen in the fundus has recently developed significant visual loss and metamorphopsia in her right eye."
case_029.txt,macular edema,disease,37231002,64572001,14,2,12,model_is_broader,1,1,"In thrombosis of the central retinal vein, visual loss is more important and does not usually explain metamorphopsia (but may have it, due to macular edema).","The development of metamorphopsia, a distortion in the perception of shapes, is a common symptom of AMD, especially in the advanced stages of the disease."
case_029.txt,finding,loss of vision,246188002,40031005,1,12,11,human_is_broader,1,1,"That while not a ""diagnosis"" (the question could have been better worded) is a finding related to age-related macular degeneration, or age-related macular degeneration.","**3- Thrombosis of the central retinal vein** would present with symptoms such as sudden, painless loss of vision, a complete field defect, and a swollen disc, which are not consistent with the patient's presentation."
case_029.txt,finding,visual loss,246188002,40031005,1,12,11,human_is_broader,1,4,"That while not a ""diagnosis"" (the question could have been better worded) is a finding related to age-related macular degeneration, or age-related macular degeneration.","In the presented case, a 75-year-old woman with a known history of soft drusen in the fundus has recently developed significant visual loss and metamorphopsia in her right eye."
case_029.txt,metamorphopsia,disease,42134006,64572001,13,2,11,model_is_broader,3,1,But the wet or exudative form produces acute or rapidly progressive severe visual loss (usually due to subretinal hemorrhage accompanied by metamorphopsia (image distortion due to retinal lifting).,"The development of metamorphopsia, a distortion in the perception of shapes, is a common symptom of AMD, especially in the advanced stages of the disease."
case_029.txt,finding,central scotoma,246188002,38950008,1,11,10,human_is_broader,1,1,"That while not a ""diagnosis"" (the question could have been better worded) is a finding related to age-related macular degeneration, or age-related macular degeneration.","**2- Macular hole** would present with symptoms such as a central scotoma and loss of clarity of central vision, rather than metamorphopsia and significant visual loss."
case_029.txt,visual loss,disease,40031005,64572001,12,2,10,model_is_broader,4,1,The dry or atrophic form presents with slowly progressive visual loss.,"The development of metamorphopsia, a distortion in the perception of shapes, is a common symptom of AMD, especially in the advanced stages of the disease."
case_030.txt,dexamethasone,corticosteroids,116568000,79440004,19,6,13,model_is_broader,1,1,"For the diagnosis we have to measure urinary free cortisol, do a dexamethasone suppression test or measure nocturnal salivary cortisol.","However, it is crucial to differentiate between exogenous CS (due to excessive use of corticosteroids) and endogenous CS (due to a pituitary or adrenal tumor)."
case_031.txt,adenocarcinoma,tumor,35917007,108369006,13,8,5,model_is_broader,2,1,Complicated question about an unusual adenocarcinoma.,"Based on the vignette, the patient presents with a large (5 cm) undifferentiated tumor in the right colon, a finding typically associated with medullary carcinoma of the colon (MCC)."
case_032.txt,nsaid,medication,16403005,2533004,8,2,6,model_is_broader,1,1,"In the presence of acute gouty arthritis (the presence of intracellular crystals with negative birefringence confirms this) in a hyperuricemic patient previously treated with allopurinol, an NSAID should be added until the crisis subsides.",This medication helps to reduce inflammation associated with gout.
case_032.txt,allopurinol,medication,25246002,2533004,7,2,5,model_is_broader,1,1,"In the presence of acute gouty arthritis (the presence of intracellular crystals with negative birefringence confirms this) in a hyperuricemic patient previously treated with allopurinol, an NSAID should be added until the crisis subsides.",This medication helps to reduce inflammation associated with gout.
case_034.txt,lesion,tumor,49755003,108369006,3,8,5,human_is_broader,1,2,It is the clinical expression of a vegetative neuropathy caused by mechanical or irritative lesion of the vegetative fibers of the auriculotemporal nerve in its infratemporal pathway.,"Based on the presented case, the patient's symptoms of pain, sweating, and reddening of the skin during mastication, following a history of parotid pleomorphic adenoma and recent surgery (extrafacial parotidectomy), suggest a possible recurrence of the tumor."
case_035.txt,escherichia coli,organisms,112283007,4748007,14,2,12,model_is_broader,1,1,The most frequent cause of urinary tract infections is Escherichia coli and in the case of pregnant women as well.,"While other organisms like Enterococcus faecalis, Streptococcus agalactiae, Proteus mirabilis, and Staphylococcus saprophyticus can also cause UTIs, E."
case_036.txt,metformin,medication,109081006,2533004,9,2,7,model_is_broader,1,1,"Regarding weight, metformin to a lesser extent, SGLT-2 inhibitors and, above all, GLP-1 agonists have been associated with a significant decrease in weight in patients with DM-2 (answers 1,3 and 4 incorrect).","Given the patient's poor glycemic control despite non-pharmacological measures and a high BMI, it is likely that she requires additional medication."
case_036.txt,pioglitazone,medication,326058001,2533004,9,2,7,model_is_broader,1,1,"On the other hand, pioglitazone, as reflected in its data sheet, can produce dose-dependent weight gain, mainly due to fat accumulation and added, in some cases, to water retention.","Given the patient's poor glycemic control despite non-pharmacological measures and a high BMI, it is likely that she requires additional medication."
case_039.txt,thromboendarterectomy,surgical procedure,74556005,48692003,20,3,17,model_is_broader,1,1,"Thromboendarterectomy could be performed urgently in selected centers (not available in all) in patients in whom systemic fibrinolysis is contraindicated, or in centers where the experience with this technique is proven and it can be performed quickly.","This invasive surgical procedure involves removing the thrombus and the underlying intimal lesion from the affected arteries, thus restoring blood flow and reducing pulmonary hypertension."
case_043.txt,biopsy,renal biopsy,86273004,7246002,11,15,4,human_is_broader,1,1,"The rest of the data (seminules in the biopsy, linear IgG deposition) supports the diagnosis.",A renal biopsy reveals crescents in 75% of the glomeruli and a linear Ig deposition pattern on immunofluorescence.
case_044.txt,abdominal ultrasound,investigations,314618003,252142004,15,7,8,model_is_broader,1,1,"If we follow the diagnostic scheme for a premature telarche or suspicion of precocious puberty, we request bone age and abdominal ultrasound (the EO is not advanced as in precocious puberty, and we assume that with a small uterus they mean a prepubertal uterus); according to the complementary examinations that we are …","Although the possibility of other etiologies cannot be completely ruled out, the current presentation is most consistent with premature thelarche, and a watchful waiting approach with regular follow-ups seems appropriate, avoiding invasive and unnecessary investigations."
case_044.txt,mammography,investigations,71651007,252142004,13,7,6,model_is_broader,1,1,"Regarding the option of mammography, breast ultrasound is used in pediatrics, and in this case it would be indicated if we were told that there is breast asymmetry (we discard option 3).","Although the possibility of other etiologies cannot be completely ruled out, the current presentation is most consistent with premature thelarche, and a watchful waiting approach with regular follow-ups seems appropriate, avoiding invasive and unnecessary investigations."
case_044.txt,abdominal ultrasound,ultrasonography,314618003,16310003,15,11,4,model_is_broader,1,1,"If we follow the diagnostic scheme for a premature telarche or suspicion of precocious puberty, we request bone age and abdominal ultrasound (the EO is not advanced as in precocious puberty, and we assume that with a small uterus they mean a prepubertal uterus); according to the complementary examinations that we are …","The normal external genitalia, small uterus on ultrasonography, and bone age matching the chronological age further support this diagnosis."
case_044.txt,ultrasound,investigations,16310003,252142004,11,7,4,model_is_broader,1,1,"It seems that they want to present us with precocious puberty (or premature telarche) but they do not provide any analytical data and the ultrasound data are ambiguous (we should assume that by a small uterus they are referring to a prepubertal uterus, but they do not provide any data on ovarian size).","Although the possibility of other etiologies cannot be completely ruled out, the current presentation is most consistent with premature thelarche, and a watchful waiting approach with regular follow-ups seems appropriate, avoiding invasive and unnecessary investigations."
case_045.txt,paroxysmal hemicrania,characterized,443094001,373673007,17,10,7,model_is_broader,3,1,"The idea is to make a differential diagnosis mainly between a cluster headache (whose treatments include answers 2, 3, 4 and 5), a paroxysmal hemicrania (whose treatment of choice is the indomethacin of answer 1) and a SUNCT (unilateral neuralgiform headache with conjunctival injection and lacrimation).","Cluster Headache is a primary headache disorder characterized by severe, unilateral periorbital pain, autonomic symptoms such as tearing and rhinorrhea, and a periodic course."
case_045.txt,sunct,characterized,725058003,373673007,17,10,7,model_is_broader,2,1,"The idea is to make a differential diagnosis mainly between a cluster headache (whose treatments include answers 2, 3, 4 and 5), a paroxysmal hemicrania (whose treatment of choice is the indomethacin of answer 1) and a SUNCT (unilateral neuralgiform headache with conjunctival injection and lacrimation).","Cluster Headache is a primary headache disorder characterized by severe, unilateral periorbital pain, autonomic symptoms such as tearing and rhinorrhea, and a periodic course."
case_045.txt,unilateral neuralgiform headache,characterized,725058003,373673007,17,10,7,model_is_broader,1,1,"The idea is to make a differential diagnosis mainly between a cluster headache (whose treatments include answers 2, 3, 4 and 5), a paroxysmal hemicrania (whose treatment of choice is the indomethacin of answer 1) and a SUNCT (unilateral neuralgiform headache with conjunctival injection and lacrimation).","Cluster Headache is a primary headache disorder characterized by severe, unilateral periorbital pain, autonomic symptoms such as tearing and rhinorrhea, and a periodic course."
case_046.txt,griseofulvin,antifungal,64349004,324643005,10,5,5,model_is_broader,1,1,"If I am not mistaken, you are describing a Celso's kerion for which the treatment of choice is oral griseofulvin.","Topical treatments (2, 4, and 5) are not effective for this deep-seated cyst, while Griseofulvin (3) is an antifungal and not indicated here."
case_049.txt,wiskott-aldrich syndrome,immunodeficiency disorder,36070007,234532001,20,7,13,model_is_broader,1,1,"Among the X-linked immunodeficiencies is Wiskott-Aldrich syndrome, an entity described with an initial triad of symptoms consisting of bleeding (typical BUT absent in the case: heavy bleeding after circumcision, bloody diarrhea), recurrent infections and eczema.","Diagnosis: Hyper IgE syndrome (2) The patient's history of recurrent infections, including otitis media, meningococcal meningitis, and pneumonia, coupled with his familial predisposition to infectious-related mortality, suggests an immunodeficiency disorder."
case_049.txt,thrombocytopenia,wiskott-aldrich syndrome,70786006,36070007,10,20,10,human_is_broader,1,1,"In addition to thrombocytopenia, they are at increased risk for autoimmune phenomena and lymphoid neoplasms.","Wiskott-Aldrich syndrome (1) is characterized by eczema, thrombocytopenia, and immunodeficiency, but it typically presents with bleeding diatheses, not recurrent infections."
case_049.txt,wiskott-aldrich syndrome,thrombocytopenia,36070007,70786006,20,10,10,model_is_broader,1,1,"Among the X-linked immunodeficiencies is Wiskott-Aldrich syndrome, an entity described with an initial triad of symptoms consisting of bleeding (typical BUT absent in the case: heavy bleeding after circumcision, bloody diarrhea), recurrent infections and eczema.","Wiskott-Aldrich syndrome (1) is characterized by eczema, thrombocytopenia, and immunodeficiency, but it typically presents with bleeding diatheses, not recurrent infections."
case_049.txt,hyper-ige,immunodeficiency disorder,191009009,234532001,14,7,7,model_is_broader,1,1,"The Hyper-IgE option lacks very characteristic clinical data such as bone alterations and skin lesions, which are not atopic dermatitis, since they follow a different pattern (papulopustular rash on the face and scalp).","Diagnosis: Hyper IgE syndrome (2) The patient's history of recurrent infections, including otitis media, meningococcal meningitis, and pneumonia, coupled with his familial predisposition to infectious-related mortality, suggests an immunodeficiency disorder."
case_054.txt,surgical treatment,removal,9221009,118292001,21,3,18,model_is_broader,1,3,Isolated antibiotherapy (option 2) is indicated only in patients with severe comorbidity in whom surgical treatment would be more aggressive than continuing the disease.,"Given the patient's advanced age, comorbidities, and history of a complicated tibial fracture with the development of atrophic pseudarthrosis and suppuration, the best immediate therapeutic option would likely be a combination of surgical debridement, removal of the nail, and external fixator application, along with t…"
case_054.txt,bone defect,placement,234687006,71861002,19,4,15,model_is_broader,1,1,"After prolonged periods of antibiotic therapy selected according to the antibiograms of the cultures, and once it is certain that the infection has been cured, special techniques for the reconstruction of the bone defect and to achieve adequate coverage of soft tissues should be considered.","In summary, the best immediate therapeutic option appears to be the removal of the nail, debridement, placement of an external fixator, and culture-guided antibiotic therapy to manage the ongoing infection, promote bone consolidation, and maintain alignment."
case_054.txt,fixation,tibial fracture,1431002,1204449003,4,17,13,human_is_broader,1,1,"Fixation in this case is better external to avoid all the material around the affected area, so 4 is correct and 1 and 2 is not.","Given the patient's advanced age, comorbidities, and history of a complicated tibial fracture with the development of atrophic pseudarthrosis and suppuration, the best immediate therapeutic option would likely be a combination of surgical debridement, removal of the nail, and external fixator application, along with t…"
case_054.txt,disease,growth factors,64572001,724176001,2,13,11,human_is_broader,1,1,Isolated antibiotherapy (option 2) is indicated only in patients with severe comorbidity in whom surgical treatment would be more aggressive than continuing the disease.,"Furthermore, the use of autologous graft and growth factors may not be immediately necessary given the presence of an ongoing infection."
case_054.txt,pseudoarthrosis,healing,31511007,18867006,12,3,9,model_is_broader,1,1,We are dealing with an infection associated with an implant (intramedullary nail) and pseudoarthrosis of the tibia fracture (absence of union after 11 months).,"An external fixator could then be applied to maintain alignment and reduce the load on the compromised bone, providing a stable environment for healing."
case_054.txt,intramedullary nail,implant,8451008,40388003,11,5,6,model_is_broader,1,1,We are dealing with an infection associated with an implant (intramedullary nail) and pseudoarthrosis of the tibia fracture (absence of union after 11 months).,"The patient's prolonged, unresolved infection and the presence of suppuration in the wound area suggest that the current implant may be contributing to the ongoing infection, necessitating its removal."
case_054.txt,soft tissues,bone,87784001,128530007,6,12,6,human_is_broader,1,1,"After prolonged periods of antibiotic therapy selected according to the antibiograms of the cultures, and once it is certain that the infection has been cured, special techniques for the reconstruction of the bone defect and to achieve adequate coverage of soft tissues should be considered.","An external fixator could then be applied to maintain alignment and reduce the load on the compromised bone, providing a stable environment for healing."
case_054.txt,soft tissues,nail,87784001,72651009,6,12,6,human_is_broader,1,2,"After prolonged periods of antibiotic therapy selected according to the antibiograms of the cultures, and once it is certain that the infection has been cured, special techniques for the reconstruction of the bone defect and to achieve adequate coverage of soft tissues should be considered.","Given the patient's advanced age, comorbidities, and history of a complicated tibial fracture with the development of atrophic pseudarthrosis and suppuration, the best immediate therapeutic option would likely be a combination of surgical debridement, removal of the nail, and external fixator application, along with t…"
case_054.txt,tissues,bone,87784001,128530007,6,12,6,human_is_broader,1,1,"- Curative treatment: includes a first surgery with aggressive tumor-like debridement of all affected tissues, profuse irrigation, stabilization with external fixator if stability is compromised, and eventual filling of the cavities with antibiotic-releasing substances.","An external fixator could then be applied to maintain alignment and reduce the load on the compromised bone, providing a stable environment for healing."
case_054.txt,tissues,nail,87784001,72651009,6,12,6,human_is_broader,1,2,"- Curative treatment: includes a first surgery with aggressive tumor-like debridement of all affected tissues, profuse irrigation, stabilization with external fixator if stability is compromised, and eventual filling of the cavities with antibiotic-releasing substances.","Given the patient's advanced age, comorbidities, and history of a complicated tibial fracture with the development of atrophic pseudarthrosis and suppuration, the best immediate therapeutic option would likely be a combination of surgical debridement, removal of the nail, and external fixator application, along with t…"
case_054.txt,external fixator,implant,278280003,40388003,10,5,5,model_is_broader,1,1,"- Curative treatment: includes a first surgery with aggressive tumor-like debridement of all affected tissues, profuse irrigation, stabilization with external fixator if stability is compromised, and eventual filling of the cavities with antibiotic-releasing substances.","The patient's prolonged, unresolved infection and the presence of suppuration in the wound area suggest that the current implant may be contributing to the ongoing infection, necessitating its removal."
case_054.txt,implant,external fixator,40388003,278280003,5,10,5,human_is_broader,1,4,We are dealing with an infection associated with an implant (intramedullary nail) and pseudoarthrosis of the tibia fracture (absence of union after 11 months).,"Given the patient's advanced age, comorbidities, and history of a complicated tibial fracture with the development of atrophic pseudarthrosis and suppuration, the best immediate therapeutic option would likely be a combination of surgical debridement, removal of the nail, and external fixator application, along with t…"
case_057.txt,diseases,autoimmune hepatitis,64572001,197284004,2,14,12,human_is_broader,1,1,With 4 we could rule out rare diseases such as biliary tract malformations or Caroli's disease and with 5 we could rule out viral hepatitis.,"Given the patient's symptoms and laboratory findings, I would recommend a serology for autoimmune hepatitis (AIH), particularly Type 1."
case_057.txt,diseases,hepatomegaly,64572001,80515008,2,12,10,human_is_broader,1,2,With 4 we could rule out rare diseases such as biliary tract malformations or Caroli's disease and with 5 we could rule out viral hepatitis.,"The patient's presentation of conjunctival jaundice, generalized pruritus, asthenia, dry mouth, absence of lacrimation, and hepatomegaly, along with the elevated bilirubin levels and abnormal liver function test results (FA 400 UI/ VSG 40mm 1 hour), suggest a liver disorder."
case_058.txt,midface,complication,720982007,116223007,20,4,16,model_is_broader,1,3,"Fractures of the midface in the orbito-malar region may involve the floor and, to a lesser extent, the lateral wall of the orbit.","Among the listed options, the most likely complication is Enophthalmos (Option 4)."
case_059.txt,mri,evaluation,113091000,122503006,11,5,6,model_is_broader,1,1,"Tendinitis is diagnosed by examination, not with MRI.","For severe symptoms, option 2, a referral to a traumatology outpatient clinic for evaluation of a total cemented prosthesis, could be considered as a potential future option, but may be premature at this stage."
case_062.txt,drug,escitalopram,2533004,395246009,2,9,7,human_is_broader,1,3,"In this question, one might suspect the possibility of an affective shift after the introduction of the antidepressant drug, according to the patient, but if we look at the patient's ability to maintain sleep, there is a clear fact that ""rules out"" the hypo/manic shift.","The absence of irritability, improved sleep, and the recent initiation of escitalopram may point towards a drug-induced effect."
case_062.txt,drug,antidepressant,2533004,36236003,2,7,5,human_is_broader,1,1,"In this question, one might suspect the possibility of an affective shift after the introduction of the antidepressant drug, according to the patient, but if we look at the patient's ability to maintain sleep, there is a clear fact that ""rules out"" the hypo/manic shift.","It is worth noting that escitalopram is an antidepressant, and while it may improve depressive symptoms, it is also known to cause activation or hypomania in some individuals, particularly during the early stages of treatment."
case_067.txt,arthritis,reiter's syndrome,3723001,67224007,10,18,8,human_is_broader,1,1,"He is describing a textbook Reiter's syndrome: palmo-plantar keratoderma, arthritis and ocular manifestations, together with probably a chlamydial urethritis, perhaps asymptomatic (they do not explain urethral exudate).","Reiter's syndrome usually involves arthritis, urethritis, and conjunctivitis without the characteristic skin lesions seen in the patient."
case_067.txt,reiter's syndrome,arthritis,67224007,3723001,18,10,8,model_is_broader,1,1,"He is describing a textbook Reiter's syndrome: palmo-plantar keratoderma, arthritis and ocular manifestations, together with probably a chlamydial urethritis, perhaps asymptomatic (they do not explain urethral exudate).","Reiter's syndrome usually involves arthritis, urethritis, and conjunctivitis without the characteristic skin lesions seen in the patient."
case_067.txt,reiter's syndrome,conjunctivitis,67224007,9826008,18,12,6,model_is_broader,1,1,"He is describing a textbook Reiter's syndrome: palmo-plantar keratoderma, arthritis and ocular manifestations, together with probably a chlamydial urethritis, perhaps asymptomatic (they do not explain urethral exudate).","Reiter's syndrome usually involves arthritis, urethritis, and conjunctivitis without the characteristic skin lesions seen in the patient."
case_067.txt,reiter's syndrome,urethritis,67224007,31822004,18,12,6,model_is_broader,1,1,"He is describing a textbook Reiter's syndrome: palmo-plantar keratoderma, arthritis and ocular manifestations, together with probably a chlamydial urethritis, perhaps asymptomatic (they do not explain urethral exudate).","Reiter's syndrome usually involves arthritis, urethritis, and conjunctivitis without the characteristic skin lesions seen in the patient."
case_068.txt,thorax,lung,51185008,39607008,11,15,4,human_is_broader,1,1,"Contrary to what we may think, an unstable thorax due to multiple rib fractures (costal volet) would cause progressive hypoventilation with atelectasis of the pulmonary parenchyma, which would progress on the one hand to hypercapnia and respiratory acidosis, and on the other, to later hypoxemia due to infection associ…","Given the history of chest trauma, Pulmonary Contusion, or lung contusion, is a common complication due to blunt force trauma that may not always be visible on initial chest X-rays but can cause significant impairment in gas exchange."
case_071.txt,limb,right arm,66019005,59126009,7,14,7,human_is_broader,2,1,"However, there is a warning sign: there is no arterial pulse and the burn is circumferential to the limb.","The most appropriate treatment for this patient with a second-degree flame burn affecting 10% of the body surface, particularly the right arm, and resulting in the loss of arterial pulse in the hand, is likely to be option 3: Escharotomy or emergency decompression incisions."
case_071.txt,limb,hand,66019005,85562004,7,13,6,human_is_broader,2,1,"However, there is a warning sign: there is no arterial pulse and the burn is circumferential to the limb.","The most appropriate treatment for this patient with a second-degree flame burn affecting 10% of the body surface, particularly the right arm, and resulting in the loss of arterial pulse in the hand, is likely to be option 3: Escharotomy or emergency decompression incisions."
case_074.txt,evaluation,styloid process,122503006,241045007,5,18,13,human_is_broader,1,1,"In my opinion, as in these six months she has shown a clear clinical and biological improvement (decrease in acute phase reactants), I would maintain the therapeutic approach taken and wait for a new evaluation.","The patient's clinical picture aligns with rheumatoid arthritis (RA), characterized by symmetric polyarthritis, morning stiffness, and erosive changes on X-rays, which are evident in this case with the observed erosion in the styloid process of the ulna."
case_074.txt,disease,inflammatory response,64572001,238149007,2,6,4,human_is_broader,1,1,"If what you are looking for is a remission of the disease as soon as possible, you could choose to consider associating an anti-TNF alpha?","The patient's symptoms persist despite 6 months of treatment with indomethacin and methotrexate, and laboratory tests reveal a persistent inflammatory response as indicated by elevated ESR and CRP levels."
case_076.txt,early age,syndrome,788913001,64572001,17,2,15,model_is_broader,1,1,"Of the remaining answers, Lennox Gastaut develops at an early age with other symptomatology, 4 is the same as absences, and 3 usually presents with complex partial seizures and either way, the EEG is clearly distinct from a temporal focus.","Based on the presented symptoms and EEG findings, the most likely diagnosis appears to be Lennox-Gastaut Syndrome (LGS)."
case_076.txt,juvenile myoclonic epilepsy,syndrome,6204001,64572001,13,2,11,model_is_broader,1,1,"A patient of adolescent age with myoclonus (""violent jumps"") at breakfast time will almost always lead us to juvenile myoclonic epilepsy (answer 5 correct), a very well characterized entity.","Based on the presented symptoms and EEG findings, the most likely diagnosis appears to be Lennox-Gastaut Syndrome (LGS)."
case_076.txt,complex partial seizures,syndrome,73714002,64572001,12,2,10,model_is_broader,1,1,"Of the remaining answers, Lennox Gastaut develops at an early age with other symptomatology, 4 is the same as absences, and 3 usually presents with complex partial seizures and either way, the EEG is clearly distinct from a temporal focus.","Based on the presented symptoms and EEG findings, the most likely diagnosis appears to be Lennox-Gastaut Syndrome (LGS)."
case_076.txt,characterized,syndrome,373673007,64572001,10,2,8,model_is_broader,1,1,"A patient of adolescent age with myoclonus (""violent jumps"") at breakfast time will almost always lead us to juvenile myoclonic epilepsy (answer 5 correct), a very well characterized entity.","Based on the presented symptoms and EEG findings, the most likely diagnosis appears to be Lennox-Gastaut Syndrome (LGS)."
case_076.txt,juvenile myoclonic epilepsy,epilepsy,6204001,84757009,13,9,4,model_is_broader,1,1,"A patient of adolescent age with myoclonus (""violent jumps"") at breakfast time will almost always lead us to juvenile myoclonic epilepsy (answer 5 correct), a very well characterized entity.","While other diagnoses such as Great Epileptic Disease, Symptomatic epilepsy due to mesial temporal sclerosis, Small atypical disease, and Juvenile Myoclonic Epilepsy (JME) can present with similar symptoms, they have distinct differences."
case_079.txt,autoimmune hemolytic anemia,hemolysis,25121006,73320003,18,10,8,model_is_broader,1,2,"Answer 3 is the one I consider correct: an autoimmune hemolytic anemia would justify the data given: elevated LDH and bilirubinemia due to red cell destruction, polychromatophilia, spherocytosis and anisocytosis because the marrow is working hard to try to compensate for the anemia, which is regenerative.","The raised unconjugated bilirubin (6.1 mg/dl) and LDH (2408 U/L) levels indicate hemolysis, a key feature of AIHA."
case_079.txt,hemolysis,aiha,73320003,25121006,10,18,8,human_is_broader,1,8,"Answer 4 gives rise to considerable doubt; it is not possible because a pernicious anemia does not justify the presence of panagglutinin although it would justify the elevation of LDH and bilirubin; moreover, it is an intramedullary, arregenerative hemolysis, there is no reticulocytosis or release into the blood of im…","Based on the presented clinical case, the most plausible diagnosis appears to be Autoimmune Hemolytic Anemia (AIHA)."
case_079.txt,hemolysis,autoimmune hemolytic anemia,73320003,25121006,10,18,8,human_is_broader,1,2,"Answer 4 gives rise to considerable doubt; it is not possible because a pernicious anemia does not justify the presence of panagglutinin although it would justify the elevation of LDH and bilirubin; moreover, it is an intramedullary, arregenerative hemolysis, there is no reticulocytosis or release into the blood of im…","Based on the presented clinical case, the most plausible diagnosis appears to be Autoimmune Hemolytic Anemia (AIHA)."
case_079.txt,autoimmune hemolytic anemia,hemolytic anemia,25121006,61261009,18,14,4,model_is_broader,1,1,"Answer 3 is the one I consider correct: an autoimmune hemolytic anemia would justify the data given: elevated LDH and bilirubinemia due to red cell destruction, polychromatophilia, spherocytosis and anisocytosis because the marrow is working hard to try to compensate for the anemia, which is regenerative.","Based on the presented clinical case, the most plausible diagnosis appears to be Autoimmune Hemolytic Anemia (AIHA)."
case_079.txt,hemolysis,hemolytic anemia,73320003,61261009,10,14,4,human_is_broader,1,1,"Answer 4 gives rise to considerable doubt; it is not possible because a pernicious anemia does not justify the presence of panagglutinin although it would justify the elevation of LDH and bilirubin; moreover, it is an intramedullary, arregenerative hemolysis, there is no reticulocytosis or release into the blood of im…","Based on the presented clinical case, the most plausible diagnosis appears to be Autoimmune Hemolytic Anemia (AIHA)."
case_079.txt,hemolytic anemia,aiha,61261009,25121006,14,18,4,human_is_broader,1,8,"The choluria, LDH, presence of panagglutinin and the peripheral blood smear ""smells"" like hemolytic anemia.","Based on the presented clinical case, the most plausible diagnosis appears to be Autoimmune Hemolytic Anemia (AIHA)."
case_079.txt,hemolytic anemia,autoimmune hemolytic anemia,61261009,25121006,14,18,4,human_is_broader,1,2,"The choluria, LDH, presence of panagglutinin and the peripheral blood smear ""smells"" like hemolytic anemia.","Based on the presented clinical case, the most plausible diagnosis appears to be Autoimmune Hemolytic Anemia (AIHA)."
case_079.txt,hemolytic anemia,hemolysis,61261009,73320003,14,10,4,model_is_broader,1,2,"The choluria, LDH, presence of panagglutinin and the peripheral blood smear ""smells"" like hemolytic anemia.","The raised unconjugated bilirubin (6.1 mg/dl) and LDH (2408 U/L) levels indicate hemolysis, a key feature of AIHA."
case_086.txt,disease,chronic ulcerative colitis,64572001,64766004,2,15,13,human_is_broader,1,1,"Atrophy together with epithelial denudation are characteristic of this disease, which does not usually cause macroscopic alterations of the mucosa.","While chronic ulcerative colitis, Pseudomembranous colitis, and Fibrosing Crohn's disease can also present with increased lymphocytic infiltration, they"
case_086.txt,disease,collagenous colitis,64572001,19311003,2,15,13,human_is_broader,1,1,"Atrophy together with epithelial denudation are characteristic of this disease, which does not usually cause macroscopic alterations of the mucosa.","Although these features can be seen in various inflammatory bowel diseases (IBD), the absence of ulcers or friable areas on endoscopy, combined with the characteristic histological changes, make collagenous colitis the most likely diagnosis."
case_086.txt,disease,lymphocytic infiltration,64572001,19719003,2,14,12,human_is_broader,1,1,"Atrophy together with epithelial denudation are characteristic of this disease, which does not usually cause macroscopic alterations of the mucosa.","While chronic ulcerative colitis, Pseudomembranous colitis, and Fibrosing Crohn's disease can also present with increased lymphocytic infiltration, they"
case_086.txt,disease,ibd,64572001,24526004,2,11,9,human_is_broader,1,1,"Atrophy together with epithelial denudation are characteristic of this disease, which does not usually cause macroscopic alterations of the mucosa.","Although these features can be seen in various inflammatory bowel diseases (IBD), the absence of ulcers or friable areas on endoscopy, combined with the characteristic histological changes, make collagenous colitis the most likely diagnosis."
case_086.txt,disease,characterized,64572001,373673007,2,10,8,human_is_broader,1,1,"Atrophy together with epithelial denudation are characteristic of this disease, which does not usually cause macroscopic alterations of the mucosa.","This condition is characterized by the presence of a thickened collagen band beneath the epithelium, which is highlighted by Masson's trichrome technique, as observed."
case_086.txt,collagenous colitis,ibd,19311003,24526004,15,11,4,model_is_broader,1,1,"In this case, the presence of thickening of the subepithelial collagen layer, more evident with Masson's trichrome (special stain that allows differentiation of the collagen fibers), is pathognomonic of collagenous colitis.","Although these features can be seen in various inflammatory bowel diseases (IBD), the absence of ulcers or friable areas on endoscopy, combined with the characteristic histological changes, make collagenous colitis the most likely diagnosis."
case_088.txt,mri,procedure,113091000,71388002,11,1,10,model_is_broader,1,1,MRI will help us to stage endometrial cancer.,"This procedure allows direct visualization of the endometrial cavity and obtain a tissue sample for histopathological examination, which is crucial for confirming or ruling out malignancy in postmenopausal bleeding."
case_089.txt,tropism,evaluation,446722008,122503006,15,5,10,model_is_broader,1,1,"The picture described is typical of a viral meningoencephalitis, more specifically VHZ, with significant tropism by the temporal lobe, causing febrile fever and in many cases aphasia, so the correct option would be 2, since the cerebrospinal fluid normally shows a moderate lymphocytic pleocytosis, with normal glycorrh…","However, further evaluation with MRI and CSF examination would be necessary"
case_092.txt,finding,subarachnoid hemorrhage,246188002,21454007,1,16,15,human_is_broader,1,1,"The finding of erosion of the anterior clinoid processes in the skull CT may support a chronic lesion, which as a result of an acute vascular phenomenon has caused the symptoms.","Option 2 most likely fits the scenario, as the mass observed in the CT scan could be a thrombosed PCom aneurysm causing the subarachnoid hemorrhage."
case_092.txt,syndrome,subarachnoid hemorrhage,64572001,21454007,2,16,14,human_is_broader,1,1,Pituitary apoplexy is a syndrome characterized by the sudden onset of headache accompanied by ocular motility disturbances and a variable degree of pituitary insufficiency.,"Option 2 most likely fits the scenario, as the mass observed in the CT scan could be a thrombosed PCom aneurysm causing the subarachnoid hemorrhage."
case_092.txt,finding,third nerve palsy,246188002,12900003,1,13,12,human_is_broader,1,1,"The finding of erosion of the anterior clinoid processes in the skull CT may support a chronic lesion, which as a result of an acute vascular phenomenon has caused the symptoms.","The presented case of a 51-year-old woman with acute visual loss, severe headache, nausea, vomiting, and hypotension, along with right ophthalmoparesis and a hyperdense mass in the seller region on CT scan, suggests an emergent posterior communicating artery (PCom) aneurysm rupture with third nerve palsy."
case_092.txt,syndrome,third nerve palsy,64572001,12900003,2,13,11,human_is_broader,1,1,Pituitary apoplexy is a syndrome characterized by the sudden onset of headache accompanied by ocular motility disturbances and a variable degree of pituitary insufficiency.,"The presented case of a 51-year-old woman with acute visual loss, severe headache, nausea, vomiting, and hypotension, along with right ophthalmoparesis and a hyperdense mass in the seller region on CT scan, suggests an emergent posterior communicating artery (PCom) aneurysm rupture with third nerve palsy."
case_092.txt,finding,bacterial meningitis,246188002,95883001,1,11,10,human_is_broader,1,1,"The finding of erosion of the anterior clinoid processes in the skull CT may support a chronic lesion, which as a result of an acute vascular phenomenon has caused the symptoms.","Option 5, although aimed at ruling out bacterial meningitis, is less likely given the presentation and imaging findings."
case_092.txt,finding,ct scan,246188002,129679001,1,10,9,human_is_broader,1,4,"The finding of erosion of the anterior clinoid processes in the skull CT may support a chronic lesion, which as a result of an acute vascular phenomenon has caused the symptoms.","The presented case of a 51-year-old woman with acute visual loss, severe headache, nausea, vomiting, and hypotension, along with right ophthalmoparesis and a hyperdense mass in the seller region on CT scan, suggests an emergent posterior communicating artery (PCom) aneurysm rupture with third nerve palsy."
case_092.txt,syndrome,bacterial meningitis,64572001,95883001,2,11,9,human_is_broader,1,1,Pituitary apoplexy is a syndrome characterized by the sudden onset of headache accompanied by ocular motility disturbances and a variable degree of pituitary insufficiency.,"Option 5, although aimed at ruling out bacterial meningitis, is less likely given the presentation and imaging findings."
case_095.txt,puncture,lesion,11639007,49755003,11,3,8,model_is_broader,1,1,"It refers to a thyroid nodule, and the indicated test is a FNA (fine needle puncture).","Although the presence of a neck mass can be associated with various conditions, the absence of symptoms and the mobility of the mass suggest a benign lesion rather than a malignant one."
case_095.txt,ultrasound,evaluation,16310003,122503006,11,5,6,model_is_broader,1,1,"Ultrasound facilitates FNA but is not mandatory, a 2 cm thyroid nodule can be punctured without echo.","A fine needle puncture could be considered for cytological evaluation, but given the patient's lack of symptoms and the possibility of a benign goitre, it may not be necessary at the outset."
case_096.txt,triple negative,neoplasia,706970001,55342001,20,4,16,model_is_broader,1,2,"We have four fundamental types: Luminal (A: HR+, HER2- and low Ki67 and B: HR+, HER2+/ - and high Ki67), HER2 + (HR -, HER2 + and high Ki67) and Basal Like or triple negative (HR -, HER2 - and high Ki67).","Given the presented clinical case of an infiltrating ductal carcinoma in a woman with no family history of neoplasia, it is crucial to investigate the tumor's hormone receptors and HER2 status (option 2)."
case_096.txt,her2,neoplasia,427685000,55342001,19,4,15,model_is_broader,2,2,"Currently the molecular classification of breast cancer is based on the study of hormone receptors, HER2 and the tumor cell proliferation index (Ki67).","Given the presented clinical case of an infiltrating ductal carcinoma in a woman with no family history of neoplasia, it is crucial to investigate the tumor's hormone receptors and HER2 status (option 2)."
case_096.txt,her2-,neoplasia,427685000,55342001,19,4,15,model_is_broader,1,2,"We have four fundamental types: Luminal (A: HR+, HER2- and low Ki67 and B: HR+, HER2+/ - and high Ki67), HER2 + (HR -, HER2 + and high Ki67) and Basal Like or triple negative (HR -, HER2 - and high Ki67).","Given the presented clinical case of an infiltrating ductal carcinoma in a woman with no family history of neoplasia, it is crucial to investigate the tumor's hormone receptors and HER2 status (option 2)."
case_096.txt,breast cancer,neoplasia,254837009,55342001,14,4,10,model_is_broader,1,2,"Currently the molecular classification of breast cancer is based on the study of hormone receptors, HER2 and the tumor cell proliferation index (Ki67).","Given the presented clinical case of an infiltrating ductal carcinoma in a woman with no family history of neoplasia, it is crucial to investigate the tumor's hormone receptors and HER2 status (option 2)."
case_096.txt,breast cancer,infiltrating ductal carcinoma,254837009,422399001,14,20,6,human_is_broader,1,1,"Currently the molecular classification of breast cancer is based on the study of hormone receptors, HER2 and the tumor cell proliferation index (Ki67).","Given the presented clinical case of an infiltrating ductal carcinoma in a woman with no family history of neoplasia, it is crucial to investigate the tumor's hormone receptors and HER2 status (option 2)."
case_096.txt,breast cancer,her2-positive,254837009,427685000,14,19,5,human_is_broader,1,1,"Currently the molecular classification of breast cancer is based on the study of hormone receptors, HER2 and the tumor cell proliferation index (Ki67).","This information will guide the choice of targeted therapies, such as endocrine therapy for hormone receptor-positive tumors or Herceptin for HER2-positive cases."
case_099.txt,variants,disease,193030005,64572001,18,2,16,model_is_broader,1,1,"There are behavioral variants, but in the MIR they usually want you to think of other types of dementias in the face of behavioral symptoms.","In Alzheimer's disease (AD), symptoms typically progress in a specific order, with cognitive deficits being an early and prominent feature."
case_099.txt,alzheimer's disease,disease,26929004,64572001,12,2,10,model_is_broader,1,1,There is heterogeneity in the development of Alzheimer's disease symptoms.,"In Alzheimer's disease (AD), symptoms typically progress in a specific order, with cognitive deficits being an early and prominent feature."
case_099.txt,alzheimer's disease,cognitive deficit,26929004,386806002,12,8,4,model_is_broader,1,1,There is heterogeneity in the development of Alzheimer's disease symptoms.,"In Alzheimer's disease (AD), symptoms typically progress in a specific order, with cognitive deficits being an early and prominent feature."
case_102.txt,idiopathic thrombocytopenic purpura,thrombocytopenia,32273002,70786006,18,10,8,model_is_broader,1,1,"Idiopathic thrombocytopenic purpura, but with very low platelets, so replenishment is necessary.","Based on the vignette, the patient presents with petechiae and ecchymosis, as well as thrombocytopenia (platelet count 7000/mm3) without other obvious causes, such as infection or disseminated intravascular coagulation."
case_102.txt,steroid,prednisone,116566001,116602009,10,18,8,human_is_broader,1,1,The proposed steroid dose is too low.,"Therefore, initial treatment should likely be: 5- Prednisone at 1 mg/day for 2-3 weeks (a common first-line treatment for ITP)."
case_106.txt,disease,post-surgery,64572001,279049005,2,15,13,human_is_broader,1,1,Difficult question since it is necessary to know data of a disease that is not usually asked in the MIR.,"The patient's significantly low calcium level and elevated PTH, combined with a family history of hyperparathyroidism and persistent hypercalcemia post-surgery in affected relatives, suggest a possible primary hyperparathyroidism (PHPT) with a parathyroid hormone-related peptide (PTHrP) producing tumor."
case_106.txt,disease,hypercalcemia,64572001,66931009,2,14,12,human_is_broader,1,2,Difficult question since it is necessary to know data of a disease that is not usually asked in the MIR.,"The patient's significantly low calcium level and elevated PTH, combined with a family history of hyperparathyroidism and persistent hypercalcemia post-surgery in affected relatives, suggest a possible primary hyperparathyroidism (PHPT) with a parathyroid hormone-related peptide (PTHrP) producing tumor."
case_108.txt,disease,surgical intervention,64572001,413239008,2,9,7,human_is_broader,1,1,No medication slows down or modifies the course of the disease.,"Surgical intervention, such as a hip prosthesis (option 1), is usually indicated when conservative measures fail to provide adequate pain relief and functional impairment becomes significant."
case_113.txt,bacterium,clostridium difficile,41146007,5933001,6,14,8,human_is_broader,1,1,"Option 2 is not very credible, in fact, as much as patients with CAP may have associated diarrhea, it is unlikely that a bacterium is sensitive to an antibiotic at the beginning of the picture and stops being so after 3 days.","Given the patient's initial improvement with antibiotic treatment for pneumonia, followed by the onset of diarrhea four days later, the most probable microorganism responsible for this condition is Clostridium difficile (CD)."
case_114.txt,distal radius,wrist,75129005,8205005,20,13,7,model_is_broader,1,1,"With the deformity and pain in the distal radius, we expect a fracture at this level, so we mark 3.","The most likely diagnosis in this case is a Fracture-dislocation of Monteggia, given the fork dorsum deformity of the wrist and functional impotence, which is a loss of forearm rotation due to radial head dislocation."
case_114.txt,lesion,fracture-dislocation,49755003,5383004,3,9,6,human_is_broader,1,1,"However, I see it as unquestionable, given that it could also have a concomitant fracture in the ulnar green stalk, although the main lesion is that of the radius.","The most likely diagnosis in this case is a Fracture-dislocation of Monteggia, given the fork dorsum deformity of the wrist and functional impotence, which is a loss of forearm rotation due to radial head dislocation."
case_117.txt,disease,pancreatic neoplasm,64572001,1237341006,2,21,19,human_is_broader,1,1,Dopler ultrasound is the most accurate test and allows subsequent non-invasive monitoring of the evolution of the disease.,"Given the patient's history of pancreatic neoplasm and chemotherapy, the development of a pulmonary embolism is a concern."
case_117.txt,disease,pulmonary embolism,64572001,59282003,2,13,11,human_is_broader,1,3,Dopler ultrasound is the most accurate test and allows subsequent non-invasive monitoring of the evolution of the disease.,"Given the patient's history of pancreatic neoplasm and chemotherapy, the development of a pulmonary embolism is a concern."
case_119.txt,lesion,serous cystadenoma,49755003,51608009,3,14,11,human_is_broader,1,1,"Given its benign nature, surgery is not recommended, and is reserved only for symptomatic patients or those in whom the nature of the lesion is in doubt after a complete study with CT, MRI and echoendoscopy with biopsy.","Given the patient's age, lack of symptoms, and the benign characteristics of the pancreatic lesion (polycystic, serous cystadenoma, no connection to the duct of Wirsung), a conservative approach is most appropriate."
case_119.txt,finding,appropriate,246188002,80608005,1,10,9,human_is_broader,1,1,It is usually asymptomatic and is discovered as an incidental finding.,"Given the patient's age, lack of symptoms, and the benign characteristics of the pancreatic lesion (polycystic, serous cystadenoma, no connection to the duct of Wirsung), a conservative approach is most appropriate."
case_119.txt,lesion,malignancy,49755003,86049000,3,10,7,human_is_broader,1,1,"Given its benign nature, surgery is not recommended, and is reserved only for symptomatic patients or those in whom the nature of the lesion is in doubt after a complete study with CT, MRI and echoendoscopy with biopsy.","While malignancy cannot be definitively ruled out, the lack of aggressive features and the patient's"
case_120.txt,hemolytic anemia,immune hemolytic anemia,61261009,127059001,14,21,7,human_is_broader,1,1,The clinical and biological picture of this patient raises suspicion of hemolytic anemia in the context of systemic lupus erythematosus.,"Although the direct Coombs test is typically used to diagnose immune hemolytic anemia, the anemia in this case appears to be microcytic, which is atypical for Coombs-positive hemolytic anemia."
case_120.txt,autoimmune hemolytic anemia,hemolytic anemia,25121006,61261009,18,14,4,model_is_broader,1,1,"If we have to choose only one diagnostic test, and this should be the first, we are interested in confirming the presence of an autoimmune hemolytic anemia with the direct Coombs' test in order to initiate treatment.","Based on the symptoms presented – general malaise, progressive weakness, pallor, anemia (low hemoglobin, low MCV), thrombocytopenia (low platelets), leukopenia (low white blood cells), elevated LDH, and undetectable haptoglobin – a diagnosis of hemolytic anemia is strongly suggested."
case_121.txt,problem,weight loss,55607006,89362005,5,9,4,human_is_broader,1,1,We have to rely on systemic symptoms to diagnose the problem.,"Given the patient's symptoms, which include sudden and painless unilateral vision loss, and the presence of other systemic issues such as anorexia, weight loss, and musculoskeletal discomfort, an acute ophthalmic condition is suspected."
case_122.txt,iga myeloma,disorder,285420006,64572001,22,2,20,model_is_broader,1,1,"Option 4 also seems unlikely, since in IgA myeloma we would expect a monoclonal peak of this Ig, which in this case does not appear.",The presented case suggests a primary plasma cell disorder involving abnormal immunoglobulin and renal involvement.
case_122.txt,iga myeloma,plasma cell disorder,285420006,277576009,22,15,7,model_is_broader,1,1,"Option 4 also seems unlikely, since in IgA myeloma we would expect a monoclonal peak of this Ig, which in this case does not appear.",The presented case suggests a primary plasma cell disorder involving abnormal immunoglobulin and renal involvement.
